epoch,time,train/box_loss,train/cls_loss,train/dfl_loss,metrics/precision(B),metrics/recall(B),metrics/mAP50(B),metrics/mAP50-95(B),val/box_loss,val/cls_loss,val/dfl_loss,lr/pg0,lr/pg1,lr/pg2
1,30.0078,0.94935,2.44384,0.95898,0.00233,1,0.70401,0.48231,0.83358,3.696,0.87318,0.000648148,0.000648148,0.000648148
2,59.8771,1.002,1.73941,1.0245,0.95944,0.71429,0.71589,0.57274,0.8885,3.50178,0.93859,0.00131048,0.00131048,0.00131048
3,89.0252,1.0378,1.58014,1.03335,0.97227,0.71429,0.72807,0.58427,1.07298,3.73379,1.01489,0.0019684,0.0019684,0.0019684
4,120.382,1.03843,1.54377,1.07327,0.77526,0.57143,0.65747,0.48156,1.24129,3.45449,1.09945,0.0019802,0.0019802,0.0019802
5,151.499,0.97176,1.37976,1.01392,1,0.84778,0.85587,0.66679,1.12907,2.66832,0.98592,0.0019736,0.0019736,0.0019736
6,195.909,1.02336,1.34607,1.08478,0.82917,0.71429,0.61676,0.46782,1.16272,3.95186,0.98599,0.001967,0.001967,0.001967
7,261.821,1.01175,1.3864,1.066,0.93999,0.71429,0.71937,0.55131,1.10321,3.28964,1.0073,0.0019604,0.0019604,0.0019604
8,321.477,0.99626,1.24066,1.03433,0.97852,0.71429,0.7772,0.57681,1.08667,2.2323,0.94078,0.0019538,0.0019538,0.0019538
9,366.148,0.94755,1.18058,1.05291,0.79824,0.57143,0.68277,0.51315,0.9935,2.88837,0.94014,0.0019472,0.0019472,0.0019472
10,400.726,0.93066,1.03906,1.02802,0.79088,0.71429,0.7205,0.55765,0.94058,3.52454,0.94807,0.0019406,0.0019406,0.0019406
11,432.518,0.89452,0.98505,0.99259,0.9613,0.71429,0.71632,0.55843,1.1538,2.85624,1.0193,0.001934,0.001934,0.001934
12,465.954,0.95522,1.01563,1.01611,0.8466,0.85714,0.83564,0.64495,1.17178,2.17325,0.98734,0.0019274,0.0019274,0.0019274
13,500.688,0.90193,1.00046,1.01411,1,0.85311,0.85555,0.6512,1.09572,1.80706,0.90928,0.0019208,0.0019208,0.0019208
14,4092.63,0.91924,0.92966,1.00417,1,0.84667,0.85515,0.67264,1.12334,1.96776,0.92337,0.0019142,0.0019142,0.0019142
15,4125.59,0.9388,0.89382,1.06281,0.96861,0.71429,0.8206,0.67168,1.1256,2.26267,0.96987,0.0019076,0.0019076,0.0019076
16,4168.93,0.87536,0.87642,0.98683,1,0.85452,0.8572,0.68296,1.06333,1.6728,0.92632,0.001901,0.001901,0.001901
17,4205.85,0.93428,0.81704,0.98905,0.85702,0.8564,0.75419,0.60689,1.07299,1.78942,0.93571,0.0018944,0.0018944,0.0018944
18,4245.57,0.91561,0.79206,0.99626,0.94111,0.71429,0.79938,0.65791,0.93653,1.98831,0.92768,0.0018878,0.0018878,0.0018878
19,4293.62,0.88593,0.79096,1.00162,0.98896,0.71429,0.82015,0.66125,0.97647,1.74016,0.86913,0.0018812,0.0018812,0.0018812
20,4333.96,0.87522,0.79288,1.00128,0.98508,0.71429,0.75936,0.62398,0.94494,1.89145,0.89413,0.0018746,0.0018746,0.0018746
21,4372.02,0.84992,0.76554,0.99276,0.98918,0.71429,0.71562,0.57597,1.51182,2.57667,1.20411,0.001868,0.001868,0.001868
22,4410.68,0.87806,0.8171,1.00935,0.98997,0.71429,0.71561,0.57587,1.45114,2.61031,1.19309,0.0018614,0.0018614,0.0018614
23,4454.72,0.88925,0.77984,1.0012,0.95072,0.71429,0.71936,0.55893,1.49107,2.53197,1.10438,0.0018548,0.0018548,0.0018548
24,4494.75,0.87534,0.76066,1.034,0.98799,0.71429,0.78521,0.61041,0.76546,1.70096,0.83983,0.0018482,0.0018482,0.0018482
25,4534.82,0.8657,0.70427,1.00237,0.98518,0.71429,0.82023,0.58739,1.05762,1.27807,0.89714,0.0018416,0.0018416,0.0018416
26,4573.35,0.87465,0.69977,0.97422,1,0.85351,0.85521,0.69612,0.90473,1.20546,0.85785,0.001835,0.001835,0.001835
27,4613.69,0.82015,0.68248,0.96352,1,0.85005,0.85522,0.66546,0.85312,1.45584,0.87527,0.0018284,0.0018284,0.0018284
28,4654.37,0.81723,0.65851,0.95693,0.99014,0.71429,0.71616,0.53306,1.20915,2.54159,1.04956,0.0018218,0.0018218,0.0018218
29,4685.14,0.81459,0.66342,0.96978,1,0.85374,0.85527,0.67565,1.03685,1.65903,0.9079,0.0018152,0.0018152,0.0018152
30,4717.27,0.84264,0.67002,0.98861,1,0.8524,0.85536,0.6733,0.89861,1.51978,0.8801,0.0018086,0.0018086,0.0018086
31,4747.74,0.86865,0.62103,0.97357,0.99537,0.85714,0.85553,0.68689,0.95001,1.06241,0.88408,0.001802,0.001802,0.001802
32,4778.95,0.87013,0.6413,0.99435,0.98815,0.85714,0.85552,0.6336,1.18212,0.98174,0.93786,0.0017954,0.0017954,0.0017954
33,4809.69,0.86902,0.63777,0.985,0.98786,0.85714,0.85548,0.61805,1.0168,1.01812,0.91099,0.0017888,0.0017888,0.0017888
34,4841.81,0.90877,0.6662,1.01766,0.99195,0.85714,0.85546,0.66131,1.019,0.97545,0.90293,0.0017822,0.0017822,0.0017822
35,4878.67,0.79485,0.63038,0.97756,1,0.85601,0.85539,0.68725,1.0168,1.20318,0.90966,0.0017756,0.0017756,0.0017756
36,4916.29,0.78289,0.60146,0.96947,1,0.8493,0.85559,0.6659,0.96106,1.59738,0.93196,0.001769,0.001769,0.001769
37,4952.53,0.82477,0.62502,0.95852,1,0.85094,0.85571,0.71085,0.83478,1.40697,0.90485,0.0017624,0.0017624,0.0017624
38,4990.17,0.78503,0.58727,0.95765,0.99721,0.85714,0.85567,0.68004,0.84719,1.00659,0.89153,0.0017558,0.0017558,0.0017558
39,5025.07,0.83576,0.61426,1.0102,0.9922,0.85714,0.85586,0.69683,0.82411,1.04097,0.88576,0.0017492,0.0017492,0.0017492
40,5060.48,0.78659,0.5542,0.94253,1,0.84851,0.85627,0.65834,1.09822,1.59927,0.96975,0.0017426,0.0017426,0.0017426
41,5095.2,0.83524,0.6043,0.97725,0.98988,0.71429,0.74984,0.58854,0.93844,2.02979,0.94169,0.001736,0.001736,0.001736
42,5129.85,0.80116,0.58969,0.98667,0.98803,0.71429,0.71876,0.56421,0.91094,2.43534,0.93365,0.0017294,0.0017294,0.0017294
43,5165.77,0.77373,0.55546,0.95188,1,0.84939,0.85861,0.69698,0.9313,1.66435,0.96816,0.0017228,0.0017228,0.0017228
44,5201.53,0.77448,0.56339,0.97084,1,0.85145,0.85806,0.70641,0.8824,1.41854,0.92349,0.0017162,0.0017162,0.0017162
45,5235.66,0.82278,0.5607,0.98285,1,0.84823,0.85706,0.6979,0.99048,1.59014,0.94132,0.0017096,0.0017096,0.0017096
46,5271.25,0.75752,0.51806,0.95532,0.98945,0.71429,0.80108,0.58638,1.09784,1.98978,0.97975,0.001703,0.001703,0.001703
47,5307.32,0.7844,0.5234,0.97477,0.98993,0.71429,0.73023,0.52457,1.1281,2.51897,1.01999,0.0016964,0.0016964,0.0016964
48,5343.43,0.79955,0.54847,0.9594,0.98772,0.71429,0.7358,0.55137,1.19208,2.50724,1.05721,0.0016898,0.0016898,0.0016898
49,5379.28,0.83533,0.55378,1.00493,0.97956,0.71429,0.76255,0.55051,1.38939,2.37021,1.08737,0.0016832,0.0016832,0.0016832
50,5415.24,0.77811,0.53342,0.95178,0.97916,0.71429,0.73455,0.56321,1.38778,2.67601,1.16799,0.0016766,0.0016766,0.0016766
51,5451.17,0.77357,0.53731,0.96515,0.98562,0.71429,0.72515,0.57282,1.27388,2.7427,1.15482,0.00167,0.00167,0.00167
52,5486.65,0.81574,0.52637,0.98367,0.98705,0.71429,0.72806,0.56445,1.33682,2.39544,1.06494,0.0016634,0.0016634,0.0016634
53,5522.86,0.80131,0.55212,0.97112,0.97624,0.71429,0.78756,0.61621,1.26818,1.93572,1.06247,0.0016568,0.0016568,0.0016568
54,5559.5,0.75856,0.52619,0.94964,0.9862,0.71429,0.81385,0.66233,0.84803,1.33894,0.86191,0.0016502,0.0016502,0.0016502
55,5596.91,0.77147,0.53792,0.95825,0.95388,0.71429,0.78342,0.59872,1.05596,1.93566,0.92288,0.0016436,0.0016436,0.0016436
56,5633.04,0.75106,0.51041,0.94829,0.98964,0.71429,0.82371,0.63053,1.2598,1.85791,1.01423,0.001637,0.001637,0.001637
57,5668.66,0.75325,0.5152,0.95713,0.98988,0.71429,0.84088,0.65727,1.29507,1.68941,1.07198,0.0016304,0.0016304,0.0016304
58,5703.67,0.70272,0.48923,0.93924,1,0.85352,0.86121,0.69948,1.25607,1.39014,1.04947,0.0016238,0.0016238,0.0016238
59,5739.68,0.83559,0.50903,0.97596,1,0.84927,0.85912,0.67582,1.07683,1.37834,0.98768,0.0016172,0.0016172,0.0016172
60,5775.71,0.80667,0.53488,0.96142,0.96135,0.71429,0.73522,0.54789,1.1274,2.32681,0.99237,0.0016106,0.0016106,0.0016106
61,5810.87,0.78619,0.53821,0.98023,0.98319,0.71429,0.72838,0.52115,1.27954,2.53332,1.06004,0.001604,0.001604,0.001604
62,5846.42,0.74571,0.51338,0.93729,0.9669,0.71429,0.72152,0.53939,1.40954,2.5739,1.21926,0.0015974,0.0015974,0.0015974
63,5882.97,0.75602,0.52832,0.94111,0.94438,0.71429,0.72841,0.5483,1.33172,2.7976,1.16198,0.0015908,0.0015908,0.0015908
64,5918.8,0.77597,0.50376,0.9636,0.98933,0.71429,0.72307,0.53796,1.36791,2.67093,1.11992,0.0015842,0.0015842,0.0015842
65,5954.34,0.73136,0.48722,0.92954,0.98985,0.71429,0.72146,0.53789,1.3739,2.65218,1.13631,0.0015776,0.0015776,0.0015776
66,5989.26,0.73451,0.49429,0.92935,0.99032,0.71429,0.72346,0.53977,1.47181,2.62826,1.17613,0.001571,0.001571,0.001571
67,6025.16,0.74839,0.47711,0.94023,0.99009,0.71429,0.72164,0.53806,1.45664,2.71335,1.22127,0.0015644,0.0015644,0.0015644
68,6059.77,0.74111,0.49186,0.96825,0.98943,0.71429,0.72704,0.52517,1.42697,2.8028,1.25863,0.0015578,0.0015578,0.0015578
69,6095.6,0.78457,0.49047,0.96184,0.91373,0.71429,0.72225,0.5353,1.44665,2.99706,1.21754,0.0015512,0.0015512,0.0015512
70,6131.79,0.79464,0.4853,0.98375,0.71383,0.71429,0.73192,0.54442,1.29455,3.19892,1.14743,0.0015446,0.0015446,0.0015446
71,6167.78,0.7199,0.44293,0.94478,0.95815,0.71429,0.73474,0.57157,1.22033,3.04571,1.10414,0.001538,0.001538,0.001538
72,6205.35,0.75406,0.48155,0.93849,0.9769,0.71429,0.74538,0.62057,1.19386,2.31081,1.13114,0.0015314,0.0015314,0.0015314
73,6242,0.79262,0.49933,0.98117,0.79755,0.71429,0.71989,0.57113,1.28079,2.36108,1.0768,0.0015248,0.0015248,0.0015248
74,6277.19,0.72505,0.47357,0.92749,0.98686,0.71429,0.78059,0.63767,1.1426,1.98883,1.06217,0.0015182,0.0015182,0.0015182
75,6312.9,0.68495,0.44954,0.91252,0.99027,0.71429,0.7337,0.57842,1.06538,2.5045,1.10974,0.0015116,0.0015116,0.0015116
76,6347.96,0.73362,0.4739,0.94054,1,0.8515,0.8844,0.69349,1.0165,1.63163,0.9479,0.001505,0.001505,0.001505
77,6383.87,0.72118,0.47435,0.93738,0.98964,0.71429,0.8497,0.71632,1.10028,2.10736,0.99218,0.0014984,0.0014984,0.0014984
78,6419.92,0.72314,0.46308,0.94365,0.99006,0.71429,0.7395,0.57018,1.10543,2.58732,1.02172,0.0014918,0.0014918,0.0014918
79,6455.2,0.7163,0.46916,0.9416,0.99041,0.71429,0.73653,0.56726,1.18576,2.74773,1.0394,0.0014852,0.0014852,0.0014852
80,6490.72,0.77016,0.46787,0.94253,0.99012,0.71429,0.7295,0.56528,1.22279,2.69614,1.08028,0.0014786,0.0014786,0.0014786
81,6526.44,0.69151,0.44662,0.92239,0.98915,0.71429,0.72078,0.59147,1.03054,2.58693,1.06236,0.001472,0.001472,0.001472
82,6562.18,0.7029,0.46252,0.93421,0.98922,0.71429,0.72022,0.5861,1.20467,2.6356,1.09591,0.0014654,0.0014654,0.0014654
83,6597.27,0.70133,0.448,0.93694,0.98978,0.71429,0.72921,0.57381,1.23198,2.60634,1.03783,0.0014588,0.0014588,0.0014588
84,6632.36,0.73918,0.45489,0.93298,0.99009,0.71429,0.73653,0.52823,1.17827,2.59959,1.04237,0.0014522,0.0014522,0.0014522
85,6667.42,0.68333,0.42921,0.93856,0.98989,0.71429,0.74589,0.55685,1.2219,2.67594,1.07307,0.0014456,0.0014456,0.0014456
86,6702.09,0.70773,0.44046,0.94817,0.98987,0.71429,0.7885,0.64167,1.25205,2.67879,1.1209,0.001439,0.001439,0.001439
87,6736.96,0.70668,0.44149,0.90331,0.98883,0.71429,0.82597,0.64388,1.25189,2.57805,1.10747,0.0014324,0.0014324,0.0014324
88,6772.1,0.7309,0.44521,0.94701,0.98831,0.71429,0.81236,0.62988,1.31061,2.56233,1.12628,0.0014258,0.0014258,0.0014258
89,6808.01,0.68509,0.43052,0.93085,0.85567,0.8483,0.85417,0.65002,1.22616,2.06524,1.02158,0.0014192,0.0014192,0.0014192
90,6844.16,0.72687,0.43748,0.90449,0.85476,0.84285,0.85417,0.67437,1.35403,2.28219,1.09127,0.0014126,0.0014126,0.0014126
91,6885.97,0.71551,0.45303,0.94134,0.98855,0.71429,0.84205,0.65844,1.20506,1.95879,0.99038,0.001406,0.001406,0.001406
92,6941.29,0.77174,0.48665,0.94801,0.98831,0.71429,0.8326,0.64505,1.19378,1.58684,1.00743,0.0013994,0.0013994,0.0013994
93,6987.4,0.68917,0.42097,0.9044,0.98861,0.71429,0.73474,0.55706,1.18044,2.62211,1.07249,0.0013928,0.0013928,0.0013928
94,7019.16,0.73142,0.46297,0.95395,0.95534,0.71429,0.72317,0.56228,1.22247,3.02361,1.11924,0.0013862,0.0013862,0.0013862
95,7059.71,0.73345,0.46114,0.93381,0.88462,0.71429,0.72102,0.54296,1.2751,2.98117,1.08467,0.0013796,0.0013796,0.0013796
96,7104.09,0.70152,0.43453,0.91005,0.77776,0.71429,0.71601,0.55664,1.11668,2.24655,0.98388,0.001373,0.001373,0.001373
97,7147.63,0.69555,0.45852,0.95544,0.82099,0.71429,0.82329,0.62552,0.82271,1.22511,0.88272,0.0013664,0.0013664,0.0013664
98,7193.47,0.67958,0.41067,0.91702,0.8193,0.71429,0.7639,0.55663,0.98586,1.494,0.90814,0.0013598,0.0013598,0.0013598
99,7233.97,0.72753,0.4487,0.91869,0.8559,0.84967,0.84661,0.6526,0.97498,1.47412,0.9085,0.0013532,0.0013532,0.0013532
100,7269.79,0.72578,0.43449,0.92621,0.84861,0.85714,0.8448,0.66068,1.05866,1.29378,0.96972,0.0013466,0.0013466,0.0013466
101,7305.46,0.67342,0.42455,0.90669,0.99771,0.85714,0.86661,0.65369,0.93874,1.21383,0.94234,0.00134,0.00134,0.00134
102,7341.49,0.74162,0.43054,0.95614,1,0.85499,0.87505,0.68545,1.1251,1.49402,1.04345,0.0013334,0.0013334,0.0013334
103,7377.12,0.6631,0.42646,0.92178,0.99358,0.85714,0.87505,0.66745,1.10189,1.34955,1.01281,0.0013268,0.0013268,0.0013268
104,7414.03,0.68053,0.44194,0.9092,0.99191,0.85714,0.87196,0.6737,1.20081,1.48292,1.09368,0.0013202,0.0013202,0.0013202
105,7450.45,0.71818,0.4369,0.94645,0.99145,0.85714,0.87196,0.65842,1.14377,1.33067,1.04911,0.0013136,0.0013136,0.0013136
106,7487.05,0.66684,0.41554,0.92036,1,0.85351,0.87264,0.69514,1.13615,1.63233,1.08828,0.001307,0.001307,0.001307
107,7523.53,0.66955,0.4412,0.92054,0.99004,0.71429,0.79661,0.61633,1.09935,2.00717,1.07219,0.0013004,0.0013004,0.0013004
108,7559.68,0.67135,0.42998,0.9366,0.98788,0.71429,0.8116,0.65013,1.07792,1.922,1.04661,0.0012938,0.0012938,0.0012938
109,7595.3,0.69635,0.43202,0.94775,0.98835,0.71429,0.76575,0.57521,1.15352,2.26229,1.05691,0.0012872,0.0012872,0.0012872
110,7630.76,0.66309,0.4179,0.90058,0.98614,0.71429,0.75447,0.56458,1.09029,2.71332,1.03964,0.0012806,0.0012806,0.0012806
111,7665.53,0.68649,0.42925,0.92735,0.98946,0.71429,0.73079,0.60727,1.1154,2.82479,1.18164,0.001274,0.001274,0.001274
112,7704,0.66801,0.43082,0.93042,0.98914,0.71429,0.73012,0.55994,1.23528,2.56232,1.20606,0.0012674,0.0012674,0.0012674
113,7739.59,0.70573,0.42707,0.93769,0.98935,0.71429,0.83969,0.64393,1.30898,1.98775,1.20652,0.0012608,0.0012608,0.0012608
114,7775.46,0.63969,0.40575,0.90342,1,0.85418,0.85706,0.66033,1.0586,1.4038,1.04682,0.0012542,0.0012542,0.0012542
115,7810.63,0.70715,0.43738,0.90943,1,0.85391,0.85702,0.6629,1.05716,1.44483,1.1013,0.0012476,0.0012476,0.0012476
116,7846.11,0.65124,0.41254,0.90826,1,0.85657,0.86502,0.65689,1.08613,1.34185,1.06859,0.001241,0.001241,0.001241
117,7880.82,0.674,0.41349,0.91743,1,0.85709,0.87133,0.67585,0.97225,1.4161,1.03087,0.0012344,0.0012344,0.0012344
118,7916.61,0.66125,0.41502,0.91243,0.95735,0.71429,0.78478,0.62919,1.05195,2.30864,1.05395,0.0012278,0.0012278,0.0012278
119,7953.55,0.66569,0.42139,0.92606,0.94043,0.71429,0.8217,0.67262,0.99915,1.76975,1.03256,0.0012212,0.0012212,0.0012212
120,7991.13,0.67616,0.42374,0.91954,1,0.85212,0.8795,0.72674,1.02493,1.44467,0.99482,0.0012146,0.0012146,0.0012146
121,8026.63,0.74184,0.45686,0.95602,1,0.84924,0.88094,0.68583,1.11215,2.0748,1.0536,0.001208,0.001208,0.001208
122,8061.82,0.69171,0.41812,0.92056,1,0.84887,0.8991,0.68923,1.24892,2.25858,1.11084,0.0012014,0.0012014,0.0012014
123,8096.81,0.63413,0.3997,0.91772,0.85224,0.8277,0.8791,0.67323,0.91607,1.96015,0.96412,0.0011948,0.0011948,0.0011948
124,8133.03,0.63487,0.38877,0.90327,0.85589,0.8496,0.85821,0.6642,0.99795,1.70094,1.00544,0.0011882,0.0011882,0.0011882
125,8168.71,0.67001,0.41305,0.93176,1,0.84858,0.87075,0.67739,1.10631,1.87271,1.07891,0.0011816,0.0011816,0.0011816
126,8204.87,0.67093,0.40474,0.92731,1,0.8486,0.87338,0.67577,1.05262,1.79824,1.04784,0.001175,0.001175,0.001175
127,8239.87,0.63178,0.38815,0.89783,1,0.84937,0.86923,0.71167,0.9664,1.48391,0.99716,0.0011684,0.0011684,0.0011684
128,8282.22,0.63392,0.39568,0.91307,1,0.85006,0.87196,0.72111,1.12801,1.88517,1.04125,0.0011618,0.0011618,0.0011618
129,8319.12,0.63987,0.37994,0.89876,0.94118,0.71429,0.74883,0.64026,0.95113,2.6733,1.00409,0.0011552,0.0011552,0.0011552
130,8356.44,0.65775,0.38794,0.90009,0.74728,0.84627,0.71779,0.6083,1.01162,2.26616,1.02881,0.0011486,0.0011486,0.0011486
131,8394.18,0.6146,0.39333,0.88962,0.91492,0.71429,0.83917,0.68003,0.74836,1.18875,0.89798,0.001142,0.001142,0.001142
132,8430.48,0.7228,0.42491,0.90863,0.85507,0.85714,0.85196,0.65627,0.99071,1.45737,0.97262,0.0011354,0.0011354,0.0011354
133,8466.73,0.6937,0.41241,0.91808,0.98929,0.71429,0.856,0.66167,1.15348,1.98032,1.09058,0.0011288,0.0011288,0.0011288
134,8503.17,0.67131,0.41595,0.93311,1,0.85316,0.87196,0.68059,1.06681,1.67304,1.06368,0.0011222,0.0011222,0.0011222
135,8538.91,0.6571,0.39449,0.9096,1,0.8497,0.8676,0.67543,0.98222,1.80245,1.01413,0.0011156,0.0011156,0.0011156
136,8575.46,0.62442,0.4169,0.92393,0.99044,0.71429,0.75447,0.58833,1.3975,2.55072,1.18457,0.001109,0.001109,0.001109
137,8611.47,0.62105,0.40171,0.89801,1,0.84898,0.89509,0.73141,1.19843,2.21166,1.0574,0.0011024,0.0011024,0.0011024
138,8647.31,0.62895,0.40543,0.90683,1,0.84913,0.8844,0.73146,1.17894,1.9998,1.06254,0.0010958,0.0010958,0.0010958
139,8681.79,0.62791,0.3942,0.89699,0.84202,0.85714,0.85337,0.70453,1.04636,1.41545,0.9792,0.0010892,0.0010892,0.0010892
140,8716.85,0.66196,0.39749,0.94624,0.82875,0.85714,0.86094,0.64159,1.40336,1.67288,1.14055,0.0010826,0.0010826,0.0010826
141,8752.6,0.60486,0.38867,0.89345,1,0.85046,0.88256,0.72192,1.26508,1.61414,1.06921,0.001076,0.001076,0.001076
142,8788.71,0.60971,0.37576,0.88682,1,0.84975,0.88892,0.73292,1.04598,1.52815,0.96499,0.0010694,0.0010694,0.0010694
143,8824.87,0.63477,0.39815,0.91554,1,0.84953,0.89175,0.70161,1.00566,1.5588,0.94735,0.0010628,0.0010628,0.0010628
144,8860.37,0.62463,0.39114,0.92331,1,0.85052,0.88094,0.69171,1.13076,1.56421,1.01436,0.0010562,0.0010562,0.0010562
145,8896.69,0.60638,0.38129,0.90386,1,0.84997,0.8844,0.71044,1.08521,1.59014,1.01134,0.0010496,0.0010496,0.0010496
146,8932.26,0.59062,0.37463,0.88005,0.99019,0.71429,0.85417,0.69253,1.06316,1.92068,1.02446,0.001043,0.001043,0.001043
147,8967.87,0.65512,0.39468,0.91669,0.99017,0.71429,0.82933,0.65934,1.04474,2.16855,1.02487,0.0010364,0.0010364,0.0010364
148,9003.78,0.65954,0.40643,0.91679,0.98014,0.71429,0.84205,0.69252,0.91261,2.03188,0.93589,0.0010298,0.0010298,0.0010298
149,9039.18,0.58486,0.38151,0.87139,0.77686,0.71429,0.69057,0.53944,0.9316,2.2154,0.90364,0.0010232,0.0010232,0.0010232
150,9075.22,0.63484,0.3777,0.90702,0.80624,0.71429,0.68421,0.5129,1.03077,2.05307,0.9196,0.0010166,0.0010166,0.0010166
151,9110.6,0.58174,0.35159,0.8884,0.80332,0.71429,0.81141,0.63132,1.13089,2.64574,1.02304,0.00101,0.00101,0.00101
152,9146.61,0.59239,0.36714,0.87069,0.98799,0.71429,0.80094,0.65636,1.04636,2.61338,0.97834,0.0010034,0.0010034,0.0010034
153,9182.27,0.59628,0.35311,0.89025,0.99033,0.71429,0.77959,0.61728,1.04399,2.67288,0.98274,0.0009968,0.0009968,0.0009968
154,9218.2,0.56862,0.36236,0.88544,0.98793,0.71429,0.75941,0.56333,0.93806,2.61014,0.94785,0.0009902,0.0009902,0.0009902
155,9252.43,0.60965,0.36985,0.86807,0.82488,0.71429,0.63136,0.46811,0.87131,2.99123,0.96257,0.0009836,0.0009836,0.0009836
156,9288.59,0.65802,0.40739,0.9449,0.81411,0.71429,0.63323,0.4993,0.91049,2.97658,0.96357,0.000977,0.000977,0.000977
157,9325.09,0.61529,0.39073,0.90892,0.8268,0.71429,0.75052,0.6154,0.92476,2.88023,0.96959,0.0009704,0.0009704,0.0009704
158,9360.97,0.5766,0.35834,0.90521,0.94667,0.71429,0.7446,0.56472,1.16028,3.03915,1.08894,0.0009638,0.0009638,0.0009638
159,9397.24,0.56825,0.35865,0.89435,0.82977,0.71429,0.74038,0.55322,1.22062,3.10263,1.0939,0.0009572,0.0009572,0.0009572
160,9431.97,0.57781,0.37347,0.88433,0.82298,0.71429,0.77221,0.56961,1.06225,2.31153,0.997,0.0009506,0.0009506,0.0009506
161,9467.46,0.59187,0.3599,0.89575,0.82377,0.71429,0.64756,0.49061,0.88701,2.52559,0.99904,0.000944,0.000944,0.000944
162,9503.66,0.5692,0.35651,0.8906,0.82497,0.71429,0.71411,0.55974,0.95798,2.73791,1.03868,0.0009374,0.0009374,0.0009374
163,9539.87,0.61789,0.36452,0.89735,0.82551,0.71429,0.73474,0.56846,1.08932,2.68201,1.02162,0.0009308,0.0009308,0.0009308
164,9575.72,0.6286,0.36911,0.90001,0.96325,0.71429,0.7353,0.6145,1.13279,2.67815,1.0229,0.0009242,0.0009242,0.0009242
165,9611,0.60305,0.36821,0.90573,0.98762,0.71429,0.82256,0.66669,1.11797,2.40492,1.00778,0.0009176,0.0009176,0.0009176
166,9647.31,0.59534,0.3524,0.87356,0.99036,0.71429,0.83838,0.65758,1.12525,2.48741,1.0244,0.000911,0.000911,0.000911
167,9683.64,0.60464,0.36446,0.8845,0.99017,0.71429,0.85133,0.66826,1.22958,2.46947,1.06847,0.0009044,0.0009044,0.0009044
168,9719.93,0.59768,0.35683,0.88837,1,0.84886,0.8697,0.69693,1.25102,2.39719,1.11895,0.0008978,0.0008978,0.0008978
169,9756.02,0.61724,0.36178,0.92602,1,0.84944,0.86797,0.6716,1.29863,2.21575,1.12193,0.0008912,0.0008912,0.0008912
170,9791.6,0.57876,0.37078,0.87859,1,0.84778,0.8676,0.65961,1.33773,2.06812,1.12387,0.0008846,0.0008846,0.0008846
171,9827.02,0.66867,0.394,0.90657,0.97125,0.71429,0.83423,0.62911,1.22126,1.99508,1.08356,0.000878,0.000878,0.000878
172,9863.01,0.61036,0.38019,0.90666,0.94342,0.71429,0.83633,0.62516,1.13977,1.98898,1.03698,0.0008714,0.0008714,0.0008714
173,9897.25,0.6275,0.36412,0.88987,0.83719,0.85714,0.84661,0.65934,0.95009,1.65585,0.95451,0.0008648,0.0008648,0.0008648
174,9933.59,0.5845,0.35984,0.88581,1,0.85687,0.86576,0.67324,0.8556,1.43464,0.90871,0.0008582,0.0008582,0.0008582
175,9969.71,0.57237,0.35572,0.88356,0.99263,0.85714,0.86603,0.66191,0.88498,1.13343,0.90437,0.0008516,0.0008516,0.0008516
176,10005.2,0.56876,0.3633,0.88629,0.9934,0.85714,0.87264,0.69266,0.91854,1.38886,0.93035,0.000845,0.000845,0.000845
177,10040.9,0.57156,0.35474,0.89877,0.9934,0.85714,0.87417,0.66653,0.92087,1.22658,0.88953,0.0008384,0.0008384,0.0008384
178,10077.1,0.6195,0.36968,0.92199,0.99665,0.85714,0.8697,0.65619,0.95147,1.16877,0.8833,0.0008318,0.0008318,0.0008318
179,10113.2,0.5655,0.35409,0.88967,1,0.82647,0.87075,0.66292,0.8809,1.34267,0.87339,0.0008252,0.0008252,0.0008252
180,10149.5,0.6016,0.35986,0.89714,0.85678,0.85497,0.85021,0.70574,0.81317,1.61644,0.87769,0.0008186,0.0008186,0.0008186
181,10185.5,0.6029,0.37009,0.89231,0.98617,0.71429,0.84321,0.6489,1.04298,1.85133,0.92228,0.000812,0.000812,0.000812
182,10220.7,0.56674,0.35154,0.87645,0.98894,0.71429,0.8359,0.6109,1.09025,2.07631,0.93935,0.0008054,0.0008054,0.0008054
183,10257,0.57995,0.37438,0.89186,0.99012,0.71429,0.8284,0.65673,0.82124,2.03542,0.86475,0.0007988,0.0007988,0.0007988
184,10292.8,0.55438,0.35571,0.89662,0.98935,0.71429,0.809,0.65195,0.91992,2.23378,0.89756,0.0007922,0.0007922,0.0007922
185,10328.2,0.59056,0.36835,0.90813,0.99024,0.71429,0.841,0.67922,0.89187,2.03357,0.87088,0.0007856,0.0007856,0.0007856
186,10365,0.57129,0.3498,0.87138,1,0.84924,0.87505,0.72523,0.94993,2.04988,0.88137,0.000779,0.000779,0.000779
187,10400.6,0.56065,0.33953,0.88371,1,0.849,0.87705,0.72723,0.95043,2.14265,0.87525,0.0007724,0.0007724,0.0007724
188,10436.3,0.5548,0.35478,0.88602,1,0.84859,0.87338,0.73082,0.85226,1.81646,0.8371,0.0007658,0.0007658,0.0007658
189,10471.7,0.58697,0.34805,0.87577,0.98921,0.71429,0.85675,0.71798,0.87021,2.29029,0.86287,0.0007592,0.0007592,0.0007592
190,10508.5,0.59144,0.36267,0.89589,0.98858,0.71429,0.84226,0.68013,0.97825,2.49329,0.89788,0.0007526,0.0007526,0.0007526
191,10544.3,0.59689,0.35878,0.90355,0.98973,0.71429,0.80381,0.61936,0.99849,2.80567,0.92094,0.000746,0.000746,0.000746
192,10580,0.58102,0.33753,0.9044,0.98493,0.71429,0.77421,0.59489,0.92619,3.07765,0.90932,0.0007394,0.0007394,0.0007394
193,10615.6,0.55938,0.33875,0.88822,0.96098,0.71429,0.77421,0.61993,0.88884,3.33211,0.90281,0.0007328,0.0007328,0.0007328
194,10650.6,0.5722,0.3405,0.90515,0.76178,0.71429,0.63323,0.4993,1.00109,3.48472,0.94853,0.0007262,0.0007262,0.0007262
195,10685.3,0.56679,0.34902,0.88595,0.67618,0.71429,0.63136,0.49758,0.95666,3.51418,0.93364,0.0007196,0.0007196,0.0007196
196,10719.4,0.55052,0.33711,0.88274,0.70891,0.71429,0.54811,0.4504,0.96507,3.56079,0.92839,0.000713,0.000713,0.000713
197,10753.8,0.57595,0.33934,0.89213,0.70903,0.71429,0.56537,0.44541,1.12019,3.23717,1.00183,0.0007064,0.0007064,0.0007064
198,10788,0.54357,0.335,0.88586,0.78486,0.71429,0.65739,0.53058,1.08629,2.89147,1.00188,0.0006998,0.0006998,0.0006998
199,10822.6,0.57174,0.34805,0.8909,0.86206,0.71429,0.75052,0.6154,1.04755,2.53442,0.96734,0.0006932,0.0006932,0.0006932
200,10856.5,0.57236,0.3359,0.8936,0.98915,0.71429,0.82221,0.65535,0.99737,2.30016,0.9526,0.0006866,0.0006866,0.0006866
201,10890.6,0.52495,0.3365,0.88717,0.98164,0.71429,0.83427,0.69472,0.86814,2.12487,0.92313,0.00068,0.00068,0.00068
202,10925.5,0.54807,0.33718,0.8697,0.83175,0.71429,0.78762,0.64854,0.7548,2.36489,0.90011,0.0006734,0.0006734,0.0006734
203,10959.8,0.53762,0.33581,0.88258,0.82853,0.71429,0.7446,0.61292,0.92866,2.56098,0.9361,0.0006668,0.0006668,0.0006668
204,10993.8,0.57546,0.36121,0.89658,0.96673,0.71429,0.75447,0.61029,1.1838,2.81466,1.06831,0.0006602,0.0006602,0.0006602
205,11028.5,0.52882,0.33279,0.87551,0.99025,0.71429,0.82076,0.66876,1.01311,2.41249,0.98498,0.0006536,0.0006536,0.0006536
206,11062.2,0.50226,0.32524,0.87028,0.98998,0.71429,0.87175,0.71151,0.93377,2.26018,0.95598,0.000647,0.000647,0.000647
207,11096.3,0.56027,0.34543,0.86102,0.98971,0.71429,0.8644,0.71552,1.00879,2.28747,0.98314,0.0006404,0.0006404,0.0006404
208,11130.8,0.55334,0.33574,0.87071,0.85136,0.82244,0.8595,0.71064,0.933,2.21252,0.94365,0.0006338,0.0006338,0.0006338
209,11165.5,0.60015,0.35039,0.916,0.95105,0.71429,0.82408,0.67843,0.90392,2.16694,0.92933,0.0006272,0.0006272,0.0006272
210,11200.5,0.53122,0.34941,0.87779,0.82289,0.71429,0.6136,0.5143,0.94776,2.66442,0.94759,0.0006206,0.0006206,0.0006206
211,11234.9,0.52227,0.31761,0.87262,0.82171,0.71429,0.61128,0.50198,0.9189,2.82374,0.92944,0.000614,0.000614,0.000614
212,11269.5,0.52309,0.33061,0.87952,0.80545,0.71429,0.61236,0.49329,1.00921,2.97446,0.95839,0.0006074,0.0006074,0.0006074
213,11304.4,0.51883,0.335,0.87207,0.79085,0.71429,0.61804,0.49818,1.09889,2.95803,0.99642,0.0006008,0.0006008,0.0006008
214,11339.3,0.53676,0.34455,0.88248,0.81544,0.71429,0.63323,0.51245,1.09314,2.69945,1.00008,0.0005942,0.0005942,0.0005942
215,11374.1,0.50729,0.31299,0.88452,0.97415,0.71429,0.81893,0.66578,0.9018,2.26678,0.93599,0.0005876,0.0005876,0.0005876
216,11409.1,0.53628,0.33104,0.85518,0.85506,0.84464,0.85705,0.74519,0.84356,2.14625,0.96542,0.000581,0.000581,0.000581
217,11445,0.50795,0.33839,0.87164,0.86919,0.71429,0.82105,0.70705,0.86374,2.26206,0.98094,0.0005744,0.0005744,0.0005744
218,11481,0.53136,0.32573,0.87163,0.8308,0.71429,0.75239,0.63198,1.02722,2.59207,1.04146,0.0005678,0.0005678,0.0005678
219,11516.2,0.54752,0.33154,0.86737,0.83075,0.71429,0.75679,0.63604,1.02749,2.67998,1.0344,0.0005612,0.0005612,0.0005612
220,11551.9,0.51176,0.31488,0.8698,0.90791,0.71429,0.76575,0.66752,1.06192,2.77449,1.03583,0.0005546,0.0005546,0.0005546
221,11587.4,0.51697,0.33564,0.87626,0.82772,0.71429,0.77421,0.62655,1.21004,2.76744,1.06527,0.000548,0.000548,0.000548
222,11623.1,0.53529,0.32455,0.87151,0.90117,0.71429,0.76237,0.61636,1.23332,2.7046,1.06818,0.0005414,0.0005414,0.0005414
223,11658.6,0.50768,0.31476,0.85559,0.8612,0.71429,0.76237,0.62606,1.1793,2.61184,1.06258,0.0005348,0.0005348,0.0005348
224,11695.2,0.49202,0.3155,0.8667,0.83193,0.71429,0.75941,0.62625,1.04904,2.68273,1.0484,0.0005282,0.0005282,0.0005282
225,11731.8,0.53054,0.32419,0.8781,0.82976,0.71429,0.7473,0.6209,1.04769,2.81687,1.04655,0.0005216,0.0005216,0.0005216
226,11768.2,0.51005,0.3171,0.85465,0.95168,0.71429,0.75239,0.61365,0.9778,2.74963,1.0229,0.000515,0.000515,0.000515
227,11804.4,0.54912,0.33225,0.87234,0.98654,0.71429,0.7885,0.64211,0.99534,2.54386,1.0295,0.0005084,0.0005084,0.0005084
228,11841.1,0.56347,0.3709,0.88915,0.97857,0.71429,0.82529,0.68907,0.94664,2.24136,0.99755,0.0005018,0.0005018,0.0005018
229,11878.1,0.51281,0.31648,0.87098,0.98385,0.71429,0.83038,0.70052,0.96712,2.16231,0.99304,0.0004952,0.0004952,0.0004952
230,11914.4,0.4991,0.31261,0.86819,0.98823,0.71429,0.84226,0.71883,1.10212,2.46747,1.05814,0.0004886,0.0004886,0.0004886
231,11951.4,0.50837,0.31402,0.86804,0.98871,0.71429,0.79394,0.67667,1.03845,2.54767,1.02751,0.000482,0.000482,0.000482
232,11988.7,0.50705,0.30082,0.86741,0.85291,0.83177,0.87175,0.72488,1.1353,2.53797,1.09041,0.0004754,0.0004754,0.0004754
233,12025.4,0.50809,0.30611,0.88105,0.97523,0.71429,0.81354,0.63661,1.18719,2.54073,1.09313,0.0004688,0.0004688,0.0004688
234,12061.9,0.48586,0.30698,0.86166,0.96389,0.71429,0.77959,0.60623,1.16837,2.56579,1.07572,0.0004622,0.0004622,0.0004622
235,12098.7,0.4876,0.29718,0.86398,0.86445,0.71429,0.8305,0.68905,1.0471,2.32921,1.03042,0.0004556,0.0004556,0.0004556
236,12135.2,0.4875,0.30125,0.87764,0.83475,0.71429,0.8515,0.74102,0.95546,1.9152,1.02984,0.000449,0.000449,0.000449
237,12170.8,0.46746,0.30435,0.85835,0.85579,0.84902,0.8665,0.70195,0.98625,1.73961,0.99385,0.0004424,0.0004424,0.0004424
238,12207.5,0.48214,0.3038,0.8599,0.8555,0.84728,0.8665,0.69428,0.91437,1.632,0.9292,0.0004358,0.0004358,0.0004358
239,12244.2,0.5059,0.31295,0.87047,0.85576,0.84884,0.86892,0.70679,0.87771,1.59635,0.92991,0.0004292,0.0004292,0.0004292
240,12280.9,0.46398,0.31708,0.86959,0.8557,0.84848,0.86892,0.75245,0.907,1.87859,1.02807,0.0004226,0.0004226,0.0004226
241,12316.6,0.48825,0.2976,0.86218,0.85557,0.84774,0.8644,0.72247,0.89352,1.91924,1.01833,0.000416,0.000416,0.000416
242,12352.5,0.52086,0.31092,0.89148,0.83914,0.71429,0.83773,0.69489,1.04965,2.04389,1.06715,0.0004094,0.0004094,0.0004094
243,12389.7,0.49751,0.30705,0.86201,0.82849,0.71429,0.84756,0.70297,0.81471,1.79634,0.92797,0.0004028,0.0004028,0.0004028
244,12425.5,0.47329,0.29924,0.85392,0.88231,0.71429,0.8305,0.69354,0.78306,2.11713,0.92036,0.0003962,0.0003962,0.0003962
245,12462.2,0.48986,0.31297,0.88457,0.82668,0.71429,0.75207,0.62545,0.89371,2.46494,0.96883,0.0003896,0.0003896,0.0003896
246,12497.2,0.47864,0.31131,0.85804,0.82649,0.71429,0.75088,0.61747,0.88282,2.64961,0.95112,0.000383,0.000383,0.000383
247,12533.5,0.46502,0.28854,0.84685,0.8266,0.71429,0.76272,0.63633,0.82072,2.72195,0.93436,0.0003764,0.0003764,0.0003764
248,12569.8,0.45266,0.29767,0.861,0.82764,0.71429,0.79394,0.71455,0.97526,2.79976,1.03452,0.0003698,0.0003698,0.0003698
249,12605.6,0.48952,0.30852,0.8802,0.87692,0.71429,0.80381,0.69198,0.93448,2.78996,1.00005,0.0003632,0.0003632,0.0003632
250,12641.7,0.49607,0.3076,0.85308,0.83112,0.71429,0.79394,0.70251,1.06404,2.8502,1.04851,0.0003566,0.0003566,0.0003566
251,12676.9,0.45903,0.29415,0.8628,0.92843,0.71429,0.78605,0.70773,1.09853,2.73328,1.0642,0.00035,0.00035,0.00035
252,12712.4,0.4521,0.29391,0.8485,0.91517,0.71429,0.77959,0.68894,1.0025,2.73535,1.01887,0.0003434,0.0003434,0.0003434
253,12748.8,0.50549,0.29869,0.87245,0.97206,0.71429,0.77421,0.68247,1.06718,2.74167,1.05744,0.0003368,0.0003368,0.0003368
254,12784.4,0.42637,0.29285,0.85166,0.98003,0.71429,0.77421,0.6621,1.1531,2.74639,1.09202,0.0003302,0.0003302,0.0003302
255,12820.3,0.46801,0.29458,0.85283,0.97946,0.71429,0.76965,0.63548,1.25149,2.81077,1.14436,0.0003236,0.0003236,0.0003236
256,12855.7,0.49096,0.29143,0.87003,0.98509,0.71429,0.75679,0.62105,0.99868,2.83228,1.03469,0.000317,0.000317,0.000317
257,12891.1,0.46629,0.29141,0.85764,0.98716,0.71429,0.76965,0.63263,0.94293,2.87196,1.02399,0.0003104,0.0003104,0.0003104
258,12925.9,0.44652,0.28924,0.85358,0.98596,0.71429,0.75679,0.66489,0.99965,2.93657,1.06157,0.0003038,0.0003038,0.0003038
259,12961.2,0.46086,0.29106,0.85942,0.98661,0.71429,0.76575,0.65024,1.03907,3.00511,1.04616,0.0002972,0.0002972,0.0002972
260,12997.1,0.46819,0.30816,0.85768,0.98227,0.71429,0.76575,0.6443,1.1292,3.07826,1.06908,0.0002906,0.0002906,0.0002906
261,13032.5,0.46657,0.30127,0.86684,0.95391,0.71429,0.76965,0.6479,1.04815,3.0264,1.0183,0.000284,0.000284,0.000284
262,13068.7,0.45717,0.2895,0.85409,0.87683,0.71429,0.75941,0.63845,0.98009,3.00383,1.00011,0.0002774,0.0002774,0.0002774
263,13103.9,0.42238,0.27819,0.83587,0.82649,0.71429,0.75679,0.66209,1.03715,3.09917,1.04169,0.0002708,0.0002708,0.0002708
264,13139.4,0.48143,0.30243,0.86506,0.86698,0.71429,0.75941,0.64518,1.06691,3.12902,1.04724,0.0002642,0.0002642,0.0002642
265,13174.7,0.47228,0.29036,0.85222,0.94187,0.71429,0.76237,0.64791,1.12696,3.13234,1.07233,0.0002576,0.0002576,0.0002576
266,13210.7,0.46718,0.28546,0.85329,0.95302,0.71429,0.76237,0.64308,1.12282,3.11229,1.07498,0.000251,0.000251,0.000251
267,13247.3,0.4331,0.27774,0.85577,0.95504,0.71429,0.76237,0.66919,1.018,3.00594,1.02784,0.0002444,0.0002444,0.0002444
268,13283.3,0.45985,0.28328,0.84902,0.95316,0.71429,0.76965,0.67922,0.95258,2.87438,0.98891,0.0002378,0.0002378,0.0002378
269,13319.4,0.46156,0.29424,0.88196,0.93921,0.71429,0.76965,0.65601,1.00491,2.85502,0.98792,0.0002312,0.0002312,0.0002312
270,13355.2,0.45889,0.28497,0.87056,0.88438,0.71429,0.76575,0.65218,1.01766,2.88888,1.00187,0.0002246,0.0002246,0.0002246
271,13390.9,0.42886,0.27322,0.85374,0.83232,0.71429,0.75679,0.65929,1.08421,2.99971,1.04308,0.000218,0.000218,0.000218
272,13427.5,0.44683,0.28524,0.84983,0.82549,0.71429,0.71403,0.65031,0.94375,2.85789,0.97001,0.0002114,0.0002114,0.0002114
273,13462.4,0.42832,0.27364,0.84412,0.82482,0.71429,0.65049,0.57211,1.00017,3.00593,0.97659,0.0002048,0.0002048,0.0002048
274,13498.4,0.4701,0.28684,0.85975,0.8226,0.71429,0.64658,0.56829,1.01114,3.03525,0.97745,0.0001982,0.0001982,0.0001982
275,13534.1,0.41954,0.27245,0.84535,0.82443,0.71429,0.71403,0.61518,1.05746,3.04264,1.00895,0.0001916,0.0001916,0.0001916
276,13570,0.46493,0.28383,0.87235,0.85352,0.71429,0.76575,0.66462,0.86694,2.94663,0.93114,0.000185,0.000185,0.000185
277,13605.2,0.4301,0.2924,0.8615,0.83161,0.71429,0.76575,0.66462,0.79466,2.92317,0.91273,0.0001784,0.0001784,0.0001784
278,13640.7,0.45627,0.28568,0.85303,0.89176,0.71429,0.76575,0.66462,0.80206,2.97297,0.90914,0.0001718,0.0001718,0.0001718
279,13676.7,0.44011,0.27567,0.84908,0.88004,0.71429,0.76575,0.66462,0.75982,2.95232,0.89409,0.0001652,0.0001652,0.0001652
280,13712.2,0.40914,0.26738,0.84138,0.85946,0.71429,0.76965,0.63548,0.83184,2.96515,0.90241,0.0001586,0.0001586,0.0001586
281,13747.8,0.41154,0.26158,0.83295,0.8803,0.71429,0.76965,0.63263,0.80536,2.93107,0.8981,0.000152,0.000152,0.000152
282,13782.7,0.42051,0.26511,0.85812,0.89129,0.71429,0.76575,0.6462,0.73711,2.92301,0.89088,0.0001454,0.0001454,0.0001454
283,13818.8,0.42326,0.27716,0.83492,0.82853,0.71429,0.77421,0.67239,0.76346,2.87899,0.89439,0.0001388,0.0001388,0.0001388
284,13853.8,0.42754,0.26763,0.86197,0.82605,0.71429,0.70254,0.63229,0.7665,2.77663,0.89846,0.0001322,0.0001322,0.0001322
285,13889.4,0.41185,0.26536,0.85562,0.82618,0.71429,0.75088,0.62918,0.80998,2.81479,0.90952,0.0001256,0.0001256,0.0001256
286,13924.8,0.4209,0.27655,0.84123,0.82615,0.71429,0.75626,0.63415,0.80977,2.77,0.90061,0.000119,0.000119,0.000119
287,13959.7,0.46325,0.28299,0.86148,0.82524,0.71429,0.65504,0.55252,0.81214,2.6739,0.90506,0.0001124,0.0001124,0.0001124
288,13995.2,0.4228,0.28955,0.84577,0.82577,0.71429,0.75088,0.65322,0.79783,2.59138,0.90291,0.0001058,0.0001058,0.0001058
289,14030.9,0.40218,0.26768,0.83941,0.82569,0.71429,0.69408,0.60445,0.81126,2.60782,0.91245,9.92e-05,9.92e-05,9.92e-05
290,14066.8,0.40675,0.25785,0.85946,0.82562,0.71429,0.6907,0.60135,0.78122,2.38449,0.89574,9.26e-05,9.26e-05,9.26e-05
291,14102.6,0.40661,0.23544,0.81962,0.8302,0.71429,0.76965,0.66821,0.80867,2.53683,0.89641,8.6e-05,8.6e-05,8.6e-05
292,14137.6,0.3712,0.23321,0.80983,0.9204,0.71429,0.76575,0.6443,0.84042,2.60077,0.89625,7.94e-05,7.94e-05,7.94e-05
293,14171.8,0.37564,0.23771,0.79224,0.93753,0.71429,0.75679,0.63604,0.88717,2.591,0.91133,7.28e-05,7.28e-05,7.28e-05
294,14206.6,0.3705,0.23043,0.80642,0.92911,0.71429,0.75679,0.63604,0.90954,2.67619,0.91784,6.62e-05,6.62e-05,6.62e-05
295,14240.5,0.3687,0.23093,0.8195,0.9275,0.71429,0.75941,0.63845,0.8829,2.65623,0.90547,5.96e-05,5.96e-05,5.96e-05
296,14275.5,0.35507,0.2343,0.79395,0.85639,0.71429,0.75941,0.63845,0.86793,2.6896,0.8977,5.3e-05,5.3e-05,5.3e-05
297,14310.1,0.3707,0.23916,0.82713,0.87142,0.71429,0.75941,0.63845,0.89421,2.76145,0.89786,4.64e-05,4.64e-05,4.64e-05
298,14344.9,0.38096,0.23734,0.80452,0.89241,0.71429,0.75447,0.6339,0.87338,2.74037,0.88888,3.98e-05,3.98e-05,3.98e-05
299,14379.1,0.35955,0.23141,0.79423,0.83191,0.71429,0.75447,0.6339,0.87515,2.75252,0.89228,3.32e-05,3.32e-05,3.32e-05
300,14413,0.37027,0.23723,0.81273,0.90943,0.71429,0.75941,0.64482,0.84911,2.75534,0.88184,2.66e-05,2.66e-05,2.66e-05
